Description: Optional,Do not write time more than once. ,FEMISS,
,,,
Index,Species,Constrain,methane
1,TIME,NA,90000
2,TEMP,0,298
3,LAT,0,53.958
4,LON,0,0
5,JDAY,0,182.4495655
6,H2O,0,0.01
7,PRESS,0,1013
8,NOx,1,0
9,NO,0,1.8E-011
10,NO2,0,2.4E-011
11,O3,0,0.00000005
12,CH4,0,0.00000175
13,CO,0,0.0000002
14,H2,0,0.0000005
15,C2H6,0,0
16,C3H8,0,0
17,XNC4H10,0,0
18,H2,1,0.00000055
19,FEMISS,1,0
20,DEPOS,1,0
0,IPEBOH,0,1E-010
0,CYHEXOL,0,1E-010
0,MIBKAOH,0,1E-010
0,TBUTOLO2,0,1E-010
0,PROPGLY,0,1E-010
0,MBO,0,1E-010
0,HCHO,0,1E-010
0,CH3CHO,0,1E-010
0,CH3CO3,0,1E-010
0,C2H5CHO,0,1E-010
0,C2H5CO3,0,1E-010
0,C3H7CHO,0,1E-010
0,C3H7CO3,0,1E-010
0,IPRCHO,0,1E-010
0,IPRCO3,0,1E-010
0,C4H9CHO,0,1E-010
0,C4H9CO3,0,1E-010
0,ACR,0,1E-010
0,ACO3,0,1E-010
0,C2H4,0,1E-010
0,CH2OOB,0,1E-010
0,MACR,0,1E-010
0,MACO3,0,1E-010
0,C4ALDB,0,1E-010
0,GLYOOB,0,1E-010
0,GLYOX,0,1E-010
0,C3DBCO3,0,1E-010
0,CH3O2,0,1E-010
0,CH4,0,1E-010
0,C2H5O2,0,1E-010
0,C2H6,0,1E-010
0,IC3H7O2,0,1E-010
0,C3H8,0,1E-010
0,NC3H7O2,0,1E-010
0,NC4H9O2,0,1E-010
0,NC4H10,0,1E-010
0,SC4H9O2,0,1E-010
0,IC4H10,0,1E-010
0,IC4H9O2,0,1E-010
0,TC4H9O2,0,1E-010
0,NC5H12,0,1E-010
0,PEAO2,0,1E-010
0,PEBO2,0,1E-010
0,PECO2,0,1E-010
0,IC5H12,0,1E-010
0,IPEAO2,0,1E-010
0,IPEBO2,0,1E-010
0,IPECO2,0,1E-010
0,NEOP,0,1E-010
0,NEOPO2,0,1E-010
0,NC6H14,0,1E-010
0,HEXAO2,0,1E-010
0,HEXBO2,0,1E-010
0,HEXCO2,0,1E-010
0,M2PE,0,1E-010
0,M2PEAO2,0,1E-010
0,M2PEBO2,0,1E-010
0,M2PECO2,0,1E-010
0,M2PEDO2,0,1E-010
0,M3PE,0,1E-010
0,M3PEAO2,0,1E-010
0,M3PEBO2,0,1E-010
0,M3PECO2,0,1E-010
0,M22C4,0,1E-010
0,M22C43O2,0,1E-010
0,M22C4O2,0,1E-010
0,M33C4O2,0,1E-010
0,M23C4,0,1E-010
0,M23C43O2,0,1E-010
0,M23C4O2,0,1E-010
0,NC7H16,0,1E-010
0,HEPTO2,0,1E-010
0,M2HEX,0,1E-010
0,M2HEXAO2,0,1E-010
0,M2HEXBO2,0,1E-010
0,M3HEX,0,1E-010
0,M3HEXAO2,0,1E-010
0,M3HEXBO2,0,1E-010
0,NC8H18,0,1E-010
0,NONO2,0,1E-010
0,NC9H20,0,1E-010
0,DECO2,0,1E-010
0,NC10H22,0,1E-010
0,UDECO2,0,1E-010
0,NC11H24,0,1E-010
0,NC12H26,0,1E-010
0,DDECO2,0,1E-010
0,CHEXO2,0,1E-010
0,CHEX,0,1E-010
0,HOCH2CH2O2,0,1E-010
0,C3H6,0,1E-010
0,HYPROPO2,0,1E-010
0,IPROPOLO2,0,1E-010
0,BUT1ENE,0,1E-010
0,NBUTOLAO2,0,1E-010
0,CBUT2ENE,0,1E-010
0,CH3CHOOB,0,1E-010
0,BUT2OLO2,0,1E-010
0,C42NO33O2,0,1E-010
0,TBUT2ENE,0,1E-010
0,MEPROPENE,0,1E-010
0,CH3COCH3,0,1E-010
0,IBUTOLBO2,0,1E-010
0,PENT1ENE,0,1E-010
0,CPENT2ENE,0,1E-010
0,PE2ENEBO2,0,1E-010
0,C52NO33O2,0,1E-010
