,transivity,density,nodes
1,0.0179692523528,0.00573061735852,946.0
3,0.0369069353609,0.011974592654,426.0
4,0.0496767755651,0.0164360806942,303.0
0,0.0526586180324,0.0177067175755,290.0
2,0.0724305620499,0.0303132141417,173.0
