Description: Optional,Do not write time more than once. ,FEMISS,
,,,
Index,Species,Constrain,methane
1,TIME,NA,864000
2,TEMP,0,298
3,LAT,0,53.958
4,LON,0,0
5,JDAY,0,182.4495655
6,H2O,0,0.01
7,PRESS,0,1013
8,NOx,1,0
9,NO,0,1.8E-011
10,NO2,0,2.4E-011
11,O3,0,0.00000005
12,CH4,0,0.00000175
13,CO,0,0.0000002
14,H2,0,0.0000005
15,C2H6,0,0
16,C3H8,0,0
17,XNC4H10,0,0
18,H2,1,0.00000055
19,FEMISS,1,1
20,DEPOS,1,1
